"KEY","VALUE"
1950,118165.572533256
1960,118164.309709404
1970,118163.053322196
1980,118161.803306401
1990,118160.559597772
2000,118159.322133029
